<?xml version="1.0" encoding="UTF-8"?>
<project xmlns="http://maven.apache.org/POM/4.0.0" xmlns:xsi="http://www.w3.org/2001/XMLSchema-instance" xsi:schemaLocation="http://maven.apache.org/POM/4.0.0 http://maven.apache.org/maven-v4_0_0.xsd">
  <modelVersion>4.0.0</modelVersion>
  <groupId>de.uni_passau.fim.se2.sa.readability</groupId>
  <artifactId>Readability-Analysis</artifactId>
  <name>Readability-Analysis</name>
  <version>1.0</version>
  <build>
    <sourceDirectory>${project.basedir}/src</sourceDirectory>
    <testSourceDirectory>${project.basedir}/test</testSourceDirectory>
    <plugins>
      <plugin>
        <artifactId>maven-compiler-plugin</artifactId>
        <version>3.10.1</version>
        <configuration>
          <source>${maven.compiler.source}</source>
          <target>${maven.compiler.target}</target>
        </configuration>
      </plugin>
      <plugin>
        <artifactId>maven-jar-plugin</artifactId>
        <version>3.3.0</version>
        <configuration>
          <archive>
            <manifest>
              <addClasspath>true</addClasspath>
              <classpathPrefix>lib/</classpathPrefix>
              <mainClass>de.uni_passau.fim.se2.sa.readability.ReadabilityAnalysisMain</mainClass>
            </manifest>
          </archive>
        </configuration>
      </plugin>
      <plugin>
        <artifactId>maven-shade-plugin</artifactId>
        <version>3.5.0</version>
        <executions>
          <execution>
            <phase>package</phase>
            <goals>
              <goal>shade</goal>
            </goals>
          </execution>
        </executions>
      </plugin>
      <plugin>
        <artifactId>maven-surefire-plugin</artifactId>
        <version>3.0.0</version>
        <executions>
          <execution>
            <id>default-test</id>
            <phase>test</phase>
            <goals>
              <goal>test</goal>
            </goals>
            <configuration>
              <skipTests>${skipUnitTests}</skipTests>
              <argLine>${surefireArgLine}</argLine>
            </configuration>
          </execution>
        </executions>
      </plugin>
      <plugin>
        <groupId>org.jacoco</groupId>
        <artifactId>jacoco-maven-plugin</artifactId>
        <version>0.8.11</version>
        <executions>
          <execution>
            <id>pre-unit-test</id>
            <goals>
              <goal>prepare-agent</goal>
            </goals>
            <configuration>
              <destFile>${project.build.directory}/coverage-reports/jacoco-ut.exec</destFile>
              <propertyName>surefireArgLine</propertyName>
            </configuration>
          </execution>
          <execution>
            <id>post-unit-test</id>
            <phase>test</phase>
            <goals>
              <goal>report</goal>
            </goals>
            <configuration>
              <dataFile>${project.build.directory}/coverage-reports/jacoco-ut.exec</dataFile>
              <outputDirectory>${project.reporting.outputDirectory}/jacoco-ut</outputDirectory>
            </configuration>
          </execution>
        </executions>
      </plugin>
      <plugin>
        <groupId>org.pitest</groupId>
        <artifactId>pitest-maven</artifactId>
        <version>${pit.version}</version>
        <dependencies>
          <dependency>
            <groupId>org.pitest</groupId>
            <artifactId>pitest-junit5-plugin</artifactId>
            <version>1.1.0</version>
          </dependency>
        </dependencies>
        <configuration>
          <outputFormats>XML</outputFormats>
          <targetClasses>
            <param>de.uni_passau.fim.se2.sa.readability.features.NumberLinesFeature</param>
            <param>de.uni_passau.fim.se2.sa.readability.features.TokenEntropyFeature</param>
            <param>de.uni_passau.fim.se2.sa.readability.features.HalsteadVolumeFeature</param>
            <param>de.uni_passau.fim.se2.sa.readability.features.CyclomaticComplexityFeature</param>
            <param>de.uni_passau.fim.se2.sa.readability.utils.OperandVisitor</param>
            <param>de.uni_passau.fim.se2.sa.readability.utils.OperatorVisitor</param>
            <param>de.uni_passau.fim.se2.sa.readability.utils.CyclomaticComplexityVisitor</param>
            <param>de.uni_passau.fim.se2.sa.readability.utils.Classify</param>
            <param>de.uni_passau.fim.se2.sa.readability.utils.Preprocess</param>
          </targetClasses>
        </configuration>
      </plugin>
    </plugins>
  </build>
  <dependencies>
    <dependency>
      <groupId>org.junit.jupiter</groupId>
      <artifactId>junit-jupiter</artifactId>
      <version>5.10.2</version>
      <scope>test</scope>
      <exclusions>
        <exclusion>
          <artifactId>junit-jupiter-api</artifactId>
          <groupId>org.junit.jupiter</groupId>
        </exclusion>
        <exclusion>
          <artifactId>junit-jupiter-engine</artifactId>
          <groupId>org.junit.jupiter</groupId>
        </exclusion>
      </exclusions>
    </dependency>
    <dependency>
      <groupId>org.junit.platform</groupId>
      <artifactId>junit-platform-launcher</artifactId>
      <version>1.10.2</version>
      <scope>test</scope>
      <exclusions>
        <exclusion>
          <artifactId>junit-platform-engine</artifactId>
          <groupId>org.junit.platform</groupId>
        </exclusion>
        <exclusion>
          <artifactId>apiguardian-api</artifactId>
          <groupId>org.apiguardian</groupId>
        </exclusion>
      </exclusions>
    </dependency>
    <dependency>
      <groupId>org.junit.jupiter</groupId>
      <artifactId>junit-jupiter-params</artifactId>
      <version>5.10.2</version>
      <scope>test</scope>
      <exclusions>
        <exclusion>
          <artifactId>junit-jupiter-api</artifactId>
          <groupId>org.junit.jupiter</groupId>
        </exclusion>
        <exclusion>
          <artifactId>apiguardian-api</artifactId>
          <groupId>org.apiguardian</groupId>
        </exclusion>
      </exclusions>
    </dependency>
  </dependencies>
  <dependencyManagement>
    <dependencies>
      <dependency>
        <groupId>org.junit</groupId>
        <artifactId>junit-bom</artifactId>
        <version>${junit.version}</version>
        <type>pom</type>
        <scope>import</scope>
      </dependency>
    </dependencies>
  </dependencyManagement>
  <properties>
    <maven.compiler.target>21</maven.compiler.target>
    <javaparser.version>3.25.2</javaparser.version>
    <maven.compiler.source>21</maven.compiler.source>
    <picoli.version>4.7.5</picoli.version>
    <project.build.sourceEncoding>UTF-8</project.build.sourceEncoding>
    <skipUnitTests>false</skipUnitTests>
    <junit.version>5.10.2</junit.version>
    <guava.version>33.1.0-jre</guava.version>
    <pit.version>1.16.0</pit.version>
  </properties>
</project>
